<?xml version="1.0" encoding="UTF-8"?>
<beans xmlns="http://www.springframework.org/schema/beans"
       xmlns:xsi="http://www.w3.org/2001/XMLSchema-instance"
       xmlns:mvc="http://www.springframework.org/schema/mvc"
       xmlns:context="http://www.springframework.org/schema/context"
       xsi:schemaLocation="http://www.springframework.org/schema/beans
       http://www.springframework.org/schema/beans/spring-beans.xsd
       http://www.springframework.org/schema/mvc
       http://www.springframework.org/schema/mvc/spring-mvc.xsd
       http://www.springframework.org/schema/context
       https://www.springframework.org/schema/context/spring-context.xsd">

    <mvc:annotation-driven></mvc:annotation-driven>

    <mvc:resources mapping="/resources/**" location="/resources/"></mvc:resources>

    <bean class="org.springframework.web.servlet.view.InternalResourceViewResolver">

        <property name="prefix" value="/WEB-INF/views/"></property>
        <property name="suffix" value=".jsp"></property>

    </bean>

    <bean id ="conversionService" class="org.springframework.format.support.FormattingConversionServiceFactoryBean">
        <property name="formatters">
            <set>
                <bean class="org.zerock.springex.controller.formatter.LocalDateFormatter"/>
                <bean class="org.zerock.springex.controller.formatter.CheckboxFormatter"/>
            </set>
        </property>
    </bean>

    <context:component-scan base-package="org.zerock.springex.controller"/>
    <mvc:annotation-driven conversion-service="conversionService"/>

</beans>