<?xml version="1.0" encoding="UTF-8"?>
<!DOCTYPE mapper
        PUBLIC "-//mybatis.org//DTD Mapper 3.0//EN"
        "https://mybatis.org/dtd/mybatis-3-mapper.dtd">
<mapper namespace="org.zerock.springex.mapper.TodoMapper">

    <select id="getTime" resultType="string">
        select now()
    </select>

    <insert id="insert">
        insert into tbl_todo (title, dueDate, writer) values (#{title}, #{dueDate}, #{writer})
    </insert>

    <select id="selectAll" resultType="org.zerock.springex.domain.TodoVO">
        select * from tbl_todo order by tno desc
    </select>

    <select id="selectOne" resultType="org.zerock.springex.domain.TodoVO">
        select * from tbl_todo where tno = #{tno}
    </select>

    <delete id="delete">
        delete from tbl_todo where tno = #{tno}
    </delete>

    <update id="update">
        update tbl_todo set title = #{title}, dueDate = #{dueDate}, finished = #{finished} where tno = #{tno}
    </update>

    <select id="selectList" resultType="org.zerock.springex.domain.TodoVO">
        select * from tbl_todo order by tno desc limit #{skip}, #{size}
    </select>

    <select id="getCount" resultType="int">
        select count(tno) from tbl_todo
    </select>


</mapper>